City,Country,PM2.5,PM10,NO2,O3,SO2,CO,NH3,DALYs_per_100k
abong mbang,CM,1.7,5.99,0.62,98.71,0.38,198.6,0.17,5871.4
acarau,BR,1.7,5.99,0.62,98.71,0.38,198.6,0.17,15847.8
ad dindar,SD,1.7,5.99,0.62,98.71,0.38,198.6,0.17,7159.5
aioun,MR,1.7,5.99,0.62,98.71,0.38,198.6,0.17,627.5
aketi,CD,1.7,5.99,0.62,98.71,0.38,198.6,0.17,20697.8
aktau,KZ,1.7,5.99,0.62,98.71,0.38,198.6,0.17,3645.7
akureyri,IS,1.7,5.99,0.62,98.71,0.38,198.6,0.17,15.0
al bawiti,EG,1.7,5.99,0.62,98.71,0.38,198.6,0.17,14541.2
alaghsas,NE,1.7,5.99,0.62,98.71,0.38,198.6,0.17,5487.8
albany,US,1.7,5.99,0.62,98.71,0.38,198.6,0.17,22347.7
albertina,BR,1.7,5.99,0.62,98.71,0.38,198.6,0.17,15847.8
alice springs,AU,1.7,5.99,0.62,98.71,0.38,198.6,0.17,1039.6
alotau,PG,1.7,5.99,0.62,98.71,0.38,198.6,0.17,1731.9
aluksne,LV,1.7,5.99,0.62,98.71,0.38,198.6,0.17,525.1
amble,GB,1.7,5.99,0.62,98.71,0.38,198.6,0.17,5922.3
amga,RU,1.7,5.99,0.62,98.71,0.38,198.6,0.17,42940.8
amursk,RU,1.7,5.99,0.62,98.71,0.38,198.6,0.17,42940.8
an muileann gcearr,IE,1.7,5.99,0.62,98.71,0.38,198.6,0.17,269.5
anadyr,RU,1.7,5.99,0.62,98.71,0.38,198.6,0.17,42940.8
ancud,CL,1.7,5.99,0.62,98.71,0.38,198.6,0.17,1178.1
aral,CN,1.7,5.99,0.62,98.71,0.38,198.6,0.17,415308.3
arawa,PG,1.7,5.99,0.62,98.71,0.38,198.6,0.17,1731.9
armacao de buzios,BR,1.7,5.99,0.62,98.71,0.38,198.6,0.17,15847.8
arno,SE,1.7,5.99,0.62,98.71,0.38,198.6,0.17,639.2
arraial do cabo,BR,1.7,5.99,0.62,98.71,0.38,198.6,0.17,15847.8
arteche,PH,1.7,5.99,0.62,98.71,0.38,198.6,0.17,25769.7
astorga,BR,1.7,5.99,0.62,98.71,0.38,198.6,0.17,15847.8
at-bashi,KG,1.7,5.99,0.62,98.71,0.38,198.6,0.17,1326.2
atar,MR,1.7,5.99,0.62,98.71,0.38,198.6,0.17,627.5
axim,GH,1.7,5.99,0.62,98.71,0.38,198.6,0.17,5878.0
aykhal,RU,1.7,5.99,0.62,98.71,0.38,198.6,0.17,42940.8
azhikkal,IN,1.7,5.99,0.62,98.71,0.38,198.6,0.17,343589.3
badger,US,1.7,5.99,0.62,98.71,0.38,198.6,0.17,22347.7
balabac,PH,1.7,5.99,0.62,98.71,0.38,198.6,0.17,25769.7
balaka,MW,1.7,5.99,0.62,98.71,0.38,198.6,0.17,2605.9
baley,RU,1.7,5.99,0.62,98.71,0.38,198.6,0.17,42940.8
balkanabat,TM,1.7,5.99,0.62,98.71,0.38,198.6,0.17,775.2
bamboo flat,IN,1.7,5.99,0.62,98.71,0.38,198.6,0.17,343589.3
bandarbeyla,SO,1.7,5.99,0.62,98.71,0.38,198.6,0.17,4656.4
bankim,CM,1.7,5.99,0.62,98.71,0.38,198.6,0.17,5871.4
basco,PH,1.7,5.99,0.62,98.71,0.38,198.6,0.17,25769.7
bayanaul,KZ,1.7,5.99,0.62,98.71,0.38,198.6,0.17,3645.7
beau vallon,MU,1.7,5.99,0.62,98.71,0.38,198.6,0.17,108.9
bechar,DZ,1.7,5.99,0.62,98.71,0.38,198.6,0.17,3441.1
beledweyne,SO,1.7,5.99,0.62,98.71,0.38,198.6,0.17,4656.4
belmonte,BR,1.7,5.99,0.62,98.71,0.38,198.6,0.17,15847.8
belomorsk,RU,1.7,5.99,0.62,98.71,0.38,198.6,0.17,42940.8
belyy yar,RU,1.7,5.99,0.62,98.71,0.38,198.6,0.17,42940.8
bethel,US,1.7,5.99,0.62,98.71,0.38,198.6,0.17,22347.7
bich'vinta,GE,1.7,5.99,0.62,98.71,0.38,198.6,0.17,1905.0
bikenibeu village,KI,1.7,5.99,0.62,98.71,0.38,198.6,0.17,37.7
bilibino,RU,1.7,5.99,0.62,98.71,0.38,198.6,0.17,42940.8
blackmans bay,AU,1.7,5.99,0.62,98.71,0.38,198.6,0.17,1039.6
bodo,NO,1.7,5.99,0.62,98.71,0.38,198.6,0.17,275.6
brandon,US,1.7,5.99,0.62,98.71,0.38,198.6,0.17,22347.7
bredasdorp,ZA,1.7,5.99,0.62,98.71,0.38,198.6,0.17,8000.6
brookings,US,1.7,5.99,0.62,98.71,0.38,198.6,0.17,22347.7
buenos aires,AR,1.7,5.99,0.62,98.71,0.38,198.6,0.17,4271.1
burgersdorp,ZA,1.7,5.99,0.62,98.71,0.38,198.6,0.17,8000.6
cabo san lucas,MX,1.7,5.99,0.62,98.71,0.38,198.6,0.17,11080.3
caconda,AO,1.7,5.99,0.62,98.71,0.38,198.6,0.17,5065.0
cadale,SO,1.7,5.99,0.62,98.71,0.38,198.6,0.17,4656.4
caleta de carquin,PE,1.7,5.99,0.62,98.71,0.38,198.6,0.17,2929.8
callao,PE,1.7,5.99,0.62,98.71,0.38,198.6,0.17,2929.8
calvi,FR,1.7,5.99,0.62,98.71,0.38,198.6,0.17,4599.4
camana,PE,1.7,5.99,0.62,98.71,0.38,198.6,0.17,2929.8
camocim,BR,1.7,5.99,0.62,98.71,0.38,198.6,0.17,15847.8
cananea,MX,1.7,5.99,0.62,98.71,0.38,198.6,0.17,11080.3
cannonvale,AU,1.7,5.99,0.62,98.71,0.38,198.6,0.17,1039.6
carloforte,IT,1.7,5.99,0.62,98.71,0.38,198.6,0.17,7853.0
carnarvon,AU,1.7,5.99,0.62,98.71,0.38,198.6,0.17,1039.6
castillos,UY,1.7,5.99,0.62,98.71,0.38,198.6,0.17,269.4
challapata,BO,1.7,5.99,0.62,98.71,0.38,198.6,0.17,1755.7
chernyshevskiy,RU,1.7,5.99,0.62,98.71,0.38,198.6,0.17,42940.8
chibougamau,CA,1.7,5.99,0.62,98.71,0.38,198.6,0.17,1706.4
chipata,ZM,1.7,5.99,0.62,98.71,0.38,198.6,0.17,2761.5
chonchi,CL,1.7,5.99,0.62,98.71,0.38,198.6,0.17,1178.1
christchurch,NZ,1.7,5.99,0.62,98.71,0.38,198.6,0.17,251.6
christiana,ZA,1.7,5.99,0.62,98.71,0.38,198.6,0.17,8000.6
chulym,RU,1.7,5.99,0.62,98.71,0.38,198.6,0.17,42940.8
codrington,AU,1.7,5.99,0.62,98.71,0.38,198.6,0.17,1039.6
colonia,DE,1.7,5.99,0.62,98.71,0.38,198.6,0.17,10661.4
constantia,RO,1.7,5.99,0.62,98.71,0.38,198.6,0.17,5165.9
coracora,PE,1.7,5.99,0.62,98.71,0.38,198.6,0.17,2929.8
daoukro,CI,1.7,5.99,0.62,98.71,0.38,198.6,0.17,5690.9
darwin,AU,1.7,5.99,0.62,98.71,0.38,198.6,0.17,1039.6
dazhou,CN,1.7,5.99,0.62,98.71,0.38,198.6,0.17,415308.3
domanivka,UA,1.7,5.99,0.62,98.71,0.38,198.6,0.17,17782.2
dudinka,RU,1.7,5.99,0.62,98.71,0.38,198.6,0.17,42940.8
dunedin,NZ,1.7,5.99,0.62,98.71,0.38,198.6,0.17,251.6
dwarka,IN,1.7,5.99,0.62,98.71,0.38,198.6,0.17,343589.3
east ballina,AU,1.7,5.99,0.62,98.71,0.38,198.6,0.17,1039.6
east london,ZA,1.7,5.99,0.62,98.71,0.38,198.6,0.17,8000.6
edson,CA,1.7,5.99,0.62,98.71,0.38,198.6,0.17,1706.4
egilsstadir,IS,1.7,5.99,0.62,98.71,0.38,198.6,0.17,15.0
el porvenir,HN,1.7,5.99,0.62,98.71,0.38,198.6,0.17,1448.6
eraan,PH,1.7,5.99,0.62,98.71,0.38,198.6,0.17,25769.7
faya-largeau,TD,1.7,5.99,0.62,98.71,0.38,198.6,0.17,4966.8
fiche,ET,1.7,5.99,0.62,98.71,0.38,198.6,0.17,18338.1
francistown,BW,1.7,5.99,0.62,98.71,0.38,198.6,0.17,398.8
fuerte olimpo,PY,1.7,5.99,0.62,98.71,0.38,198.6,0.17,679.2
galliano,US,1.7,5.99,0.62,98.71,0.38,198.6,0.17,22347.7
gambela,ET,1.7,5.99,0.62,98.71,0.38,198.6,0.17,18338.1
garissa,KE,1.7,5.99,0.62,98.71,0.38,198.6,0.17,5520.8
georgetown,MY,1.7,5.99,0.62,98.71,0.38,198.6,0.17,3666.1
geraldton,AU,1.7,5.99,0.62,98.71,0.38,198.6,0.17,1039.6
gering,US,1.7,5.99,0.62,98.71,0.38,198.6,0.17,22347.7
gizo,SB,1.7,5.99,0.62,98.71,0.38,198.6,0.17,188.3
gornyak,RU,1.7,5.99,0.62,98.71,0.38,198.6,0.17,42940.8
grajau,BR,1.7,5.99,0.62,98.71,0.38,198.6,0.17,15847.8
grand falls-windsor,CA,1.7,5.99,0.62,98.71,0.38,198.6,0.17,1706.4
great falls,US,1.7,5.99,0.62,98.71,0.38,198.6,0.17,22347.7
greymouth,NZ,1.7,5.99,0.62,98.71,0.38,198.6,0.17,251.6
griffith,US,1.7,5.99,0.62,98.71,0.38,198.6,0.17,22347.7
gubkinskiy,RU,1.7,5.99,0.62,98.71,0.38,198.6,0.17,42940.8
hachinohe,JP,1.7,5.99,0.62,98.71,0.38,198.6,0.17,15368.9
hadibu,YE,1.7,5.99,0.62,98.71,0.38,198.6,0.17,4673.0
haiku-pauwela,US,1.7,5.99,0.62,98.71,0.38,198.6,0.17,22347.7
hamilton,US,1.7,5.99,0.62,98.71,0.38,198.6,0.17,22347.7
hampton bays,US,1.7,5.99,0.62,98.71,0.38,198.6,0.17,22347.7
hanceville,US,1.7,5.99,0.62,98.71,0.38,198.6,0.17,22347.7
happy valley-goose bay,CA,1.7,5.99,0.62,98.71,0.38,198.6,0.17,1706.4
harper,LR,1.7,5.99,0.62,98.71,0.38,198.6,0.17,899.5
hasaki,JP,1.7,5.99,0.62,98.71,0.38,198.6,0.17,15368.9
hawaiian paradise park,US,1.7,5.99,0.62,98.71,0.38,198.6,0.17,22347.7
hermanus,ZA,1.7,5.99,0.62,98.71,0.38,198.6,0.17,8000.6
hirara,JP,1.7,5.99,0.62,98.71,0.38,198.6,0.17,15368.9
hithadhoo,MV,1.7,5.99,0.62,98.71,0.38,198.6,0.17,19.9
hobyo,SO,1.7,5.99,0.62,98.71,0.38,198.6,0.17,4656.4
holualoa,US,1.7,5.99,0.62,98.71,0.38,198.6,0.17,22347.7
hovd,MN,1.7,5.99,0.62,98.71,0.38,198.6,0.17,891.0
howrah,IN,1.7,5.99,0.62,98.71,0.38,198.6,0.17,343589.3
huanuni,BO,1.7,5.99,0.62,98.71,0.38,198.6,0.17,1755.7
humaita,BR,1.7,5.99,0.62,98.71,0.38,198.6,0.17,15847.8
huron,US,1.7,5.99,0.62,98.71,0.38,198.6,0.17,22347.7
igarka,RU,1.7,5.99,0.62,98.71,0.38,198.6,0.17,42940.8
iguaba grande,BR,1.7,5.99,0.62,98.71,0.38,198.6,0.17,15847.8
ilheus,BR,1.7,5.99,0.62,98.71,0.38,198.6,0.17,15847.8
invercargill,NZ,1.7,5.99,0.62,98.71,0.38,198.6,0.17,251.6
iqaluit,CA,1.7,5.99,0.62,98.71,0.38,198.6,0.17,1706.4
isafjordur,IS,1.7,5.99,0.62,98.71,0.38,198.6,0.17,15.0
iskateley,RU,1.7,5.99,0.62,98.71,0.38,198.6,0.17,42940.8
isla aguada,MX,1.7,5.99,0.62,98.71,0.38,198.6,0.17,11080.3
ixtapa,MX,1.7,5.99,0.62,98.71,0.38,198.6,0.17,11080.3
jacksonville beach,US,1.7,5.99,0.62,98.71,0.38,198.6,0.17,22347.7
jamestown,US,1.7,5.99,0.62,98.71,0.38,198.6,0.17,22347.7
jilib,SO,1.7,5.99,0.62,98.71,0.38,198.6,0.17,4656.4
jorpeland,NO,1.7,5.99,0.62,98.71,0.38,198.6,0.17,275.6
jwaneng,BW,1.7,5.99,0.62,98.71,0.38,198.6,0.17,398.8
kachug,RU,1.7,5.99,0.62,98.71,0.38,198.6,0.17,42940.8
kailua-kona,US,1.7,5.99,0.62,98.71,0.38,198.6,0.17,22347.7
kapa'a,US,1.7,5.99,0.62,98.71,0.38,198.6,0.17,22347.7
kapuskasing,CA,1.7,5.99,0.62,98.71,0.38,198.6,0.17,1706.4
karratha,AU,1.7,5.99,0.62,98.71,0.38,198.6,0.17,1039.6
katsuren-haebaru,JP,1.7,5.99,0.62,98.71,0.38,198.6,0.17,15368.9
kavaratti,IN,1.7,5.99,0.62,98.71,0.38,198.6,0.17,343589.3
kavieng,PG,1.7,5.99,0.62,98.71,0.38,198.6,0.17,1731.9
keflavik,IS,1.7,5.99,0.62,98.71,0.38,198.6,0.17,15.0
kelso,US,1.7,5.99,0.62,98.71,0.38,198.6,0.17,22347.7
kenora,CA,1.7,5.99,0.62,98.71,0.38,198.6,0.17,1706.4
kerikeri,NZ,1.7,5.99,0.62,98.71,0.38,198.6,0.17,251.6
khasab,OM,1.7,5.99,0.62,98.71,0.38,198.6,0.17,360.3
kijang,KR,1.7,5.99,0.62,98.71,0.38,198.6,0.17,4035.9
kikwit,CD,1.7,5.99,0.62,98.71,0.38,198.6,0.17,20697.8
kingston,JM,1.7,5.99,0.62,98.71,0.38,198.6,0.17,242.3
kirensk,RU,1.7,5.99,0.62,98.71,0.38,198.6,0.17,42940.8
klyuchi,RU,1.7,5.99,0.62,98.71,0.38,198.6,0.17,42940.8
kodiak,US,1.7,5.99,0.62,98.71,0.38,198.6,0.17,22347.7
kolosovka,RU,1.7,5.99,0.62,98.71,0.38,198.6,0.17,42940.8
korba,IN,1.7,5.99,0.62,98.71,0.38,198.6,0.17,343589.3
korop,UA,1.7,5.99,0.62,98.71,0.38,198.6,0.17,17782.2
kostomuksha,RU,1.7,5.99,0.62,98.71,0.38,198.6,0.17,42940.8
kulhudhuffushi,MV,1.7,5.99,0.62,98.71,0.38,198.6,0.17,19.9
l'isle-jourdain,FR,1.7,5.99,0.62,98.71,0.38,198.6,0.17,4599.4
la passe,FR,1.7,5.99,0.62,98.71,0.38,198.6,0.17,4599.4
la'ie,US,1.7,5.99,0.62,98.71,0.38,198.6,0.17,22347.7
lahaina,US,1.7,5.99,0.62,98.71,0.38,198.6,0.17,22347.7
lanark,GB,1.7,5.99,0.62,98.71,0.38,198.6,0.17,5922.3
launceston,AU,1.7,5.99,0.62,98.71,0.38,198.6,0.17,1039.6
lebu,CL,1.7,5.99,0.62,98.71,0.38,198.6,0.17,1178.1
lerwick,GB,1.7,5.99,0.62,98.71,0.38,198.6,0.17,5922.3
lihue,US,1.7,5.99,0.62,98.71,0.38,198.6,0.17,22347.7
lompoc,US,1.7,5.99,0.62,98.71,0.38,198.6,0.17,22347.7
lorengau,PG,1.7,5.99,0.62,98.71,0.38,198.6,0.17,1731.9
lucon,FR,1.7,5.99,0.62,98.71,0.38,198.6,0.17,4599.4
luganville,VU,1.7,5.99,0.62,98.71,0.38,198.6,0.17,83.5
maintirano,MG,1.7,5.99,0.62,98.71,0.38,198.6,0.17,5691.6
malango,ID,1.7,5.99,0.62,98.71,0.38,198.6,0.17,49801.5
malanje,AO,1.7,5.99,0.62,98.71,0.38,198.6,0.17,5065.0
mandera,KE,1.7,5.99,0.62,98.71,0.38,198.6,0.17,5520.8
mar del plata,AR,1.7,5.99,0.62,98.71,0.38,198.6,0.17,4271.1
margaret river,AU,1.7,5.99,0.62,98.71,0.38,198.6,0.17,1039.6
margate,GB,1.7,5.99,0.62,98.71,0.38,198.6,0.17,5922.3
marivan,IR,1.7,5.99,0.62,98.71,0.38,198.6,0.17,7369.2
mascote,BR,1.7,5.99,0.62,98.71,0.38,198.6,0.17,15847.8
mawlamyinegyunn,MM,1.7,5.99,0.62,98.71,0.38,198.6,0.17,15863.3
mawu,CN,1.7,5.99,0.62,98.71,0.38,198.6,0.17,415308.3
mazatlan,MX,1.7,5.99,0.62,98.71,0.38,198.6,0.17,11080.3
mbaiki,CF,1.7,5.99,0.62,98.71,0.38,198.6,0.17,1700.0
meizhou,CN,1.7,5.99,0.62,98.71,0.38,198.6,0.17,415308.3
menongue,AO,1.7,5.99,0.62,98.71,0.38,198.6,0.17,5065.0
mercedes,AR,1.7,5.99,0.62,98.71,0.38,198.6,0.17,4271.1
middle island,US,1.7,5.99,0.62,98.71,0.38,198.6,0.17,22347.7
minas de marcona,PE,1.7,5.99,0.62,98.71,0.38,198.6,0.17,2929.8
mirnyy,RU,1.7,5.99,0.62,98.71,0.38,198.6,0.17,42940.8
mogocha,RU,1.7,5.99,0.62,98.71,0.38,198.6,0.17,42940.8
moree,AU,1.7,5.99,0.62,98.71,0.38,198.6,0.17,1039.6
morehead city,US,1.7,5.99,0.62,98.71,0.38,198.6,0.17,22347.7
mount gambier,AU,1.7,5.99,0.62,98.71,0.38,198.6,0.17,1039.6
muslyumovo,RU,1.7,5.99,0.62,98.71,0.38,198.6,0.17,42940.8
nadi,FJ,1.7,5.99,0.62,98.71,0.38,198.6,0.17,176.4
nakhon thai,TH,1.7,5.99,0.62,98.71,0.38,198.6,0.17,10089.0
nar'yan-mar,RU,1.7,5.99,0.62,98.71,0.38,198.6,0.17,42940.8
narasannapeta,IN,1.7,5.99,0.62,98.71,0.38,198.6,0.17,343589.3
nchelenge,ZM,1.7,5.99,0.62,98.71,0.38,198.6,0.17,2761.5
necochea,AR,1.7,5.99,0.62,98.71,0.38,198.6,0.17,4271.1
nelsonville,US,1.7,5.99,0.62,98.71,0.38,198.6,0.17,22347.7
nema,RU,1.7,5.99,0.62,98.71,0.38,198.6,0.17,42940.8
nemuro,JP,1.7,5.99,0.62,98.71,0.38,198.6,0.17,15368.9
new norfolk,AU,1.7,5.99,0.62,98.71,0.38,198.6,0.17,1039.6
new whiteland,US,1.7,5.99,0.62,98.71,0.38,198.6,0.17,22347.7
newman,US,1.7,5.99,0.62,98.71,0.38,198.6,0.17,22347.7
nguigmi,NE,1.7,5.99,0.62,98.71,0.38,198.6,0.17,5487.8
nikolayevka,RU,1.7,5.99,0.62,98.71,0.38,198.6,0.17,42940.8
nogliki,RU,1.7,5.99,0.62,98.71,0.38,198.6,0.17,42940.8
nova olimpia,BR,1.7,5.99,0.62,98.71,0.38,198.6,0.17,15847.8
novo aripuana,BR,1.7,5.99,0.62,98.71,0.38,198.6,0.17,15847.8
nurota,UZ,1.7,5.99,0.62,98.71,0.38,198.6,0.17,7202.4
okhotsk,RU,1.7,5.99,0.62,98.71,0.38,198.6,0.17,42940.8
ornskoldsvik,SE,1.7,5.99,0.62,98.71,0.38,198.6,0.17,639.2
oujda-angad,MA,1.7,5.99,0.62,98.71,0.38,198.6,0.17,4256.7
pacific grove,US,1.7,5.99,0.62,98.71,0.38,198.6,0.17,22347.7
palikir - national government center,FM,1.7,5.99,0.62,98.71,0.38,198.6,0.17,34.7
panama city beach,US,1.7,5.99,0.62,98.71,0.38,198.6,0.17,22347.7
papatowai,NZ,1.7,5.99,0.62,98.71,0.38,198.6,0.17,251.6
paracuru,BR,1.7,5.99,0.62,98.71,0.38,198.6,0.17,15847.8
parfino,RU,1.7,5.99,0.62,98.71,0.38,198.6,0.17,42940.8
penzance,GB,1.7,5.99,0.62,98.71,0.38,198.6,0.17,5922.3
petropavlovsk-kamchatsky,RU,1.7,5.99,0.62,98.71,0.38,198.6,0.17,42940.8
pisco,PE,1.7,5.99,0.62,98.71,0.38,198.6,0.17,2929.8
poiana teiului,RO,1.7,5.99,0.62,98.71,0.38,198.6,0.17,5165.9
pokrovsk,UA,1.7,5.99,0.62,98.71,0.38,198.6,0.17,17782.2
polyarnyy,RU,1.7,5.99,0.62,98.71,0.38,198.6,0.17,42940.8
poronaysk,RU,1.7,5.99,0.62,98.71,0.38,198.6,0.17,42940.8
port alfred,ZA,1.7,5.99,0.62,98.71,0.38,198.6,0.17,8000.6
port blair,IN,1.7,5.99,0.62,98.71,0.38,198.6,0.17,343589.3
port elizabeth,ZA,1.7,5.99,0.62,98.71,0.38,198.6,0.17,8000.6
port lincoln,AU,1.7,5.99,0.62,98.71,0.38,198.6,0.17,1039.6
port macquarie,AU,1.7,5.99,0.62,98.71,0.38,198.6,0.17,1039.6
port mathurin,MU,1.7,5.99,0.62,98.71,0.38,198.6,0.17,108.9
port said,EG,1.7,5.99,0.62,98.71,0.38,198.6,0.17,14541.2
port saint john's,ZA,1.7,5.99,0.62,98.71,0.38,198.6,0.17,8000.6
port-vila,VU,1.7,5.99,0.62,98.71,0.38,198.6,0.17,83.5
portland,US,1.7,5.99,0.62,98.71,0.38,198.6,0.17,22347.7
pospelikha,RU,1.7,5.99,0.62,98.71,0.38,198.6,0.17,42940.8
posto fiscal rolim de moura,BR,1.7,5.99,0.62,98.71,0.38,198.6,0.17,15847.8
praia da vitoria,PT,1.7,5.99,0.62,98.71,0.38,198.6,0.17,909.5
prince albert,CA,1.7,5.99,0.62,98.71,0.38,198.6,0.17,1706.4
pskov,RU,1.7,5.99,0.62,98.71,0.38,198.6,0.17,42940.8
pudasjarvi,FI,1.7,5.99,0.62,98.71,0.38,198.6,0.17,326.8
puerto armuelles,PA,1.7,5.99,0.62,98.71,0.38,198.6,0.17,184.6
puerto ayacucho,VE,1.7,5.99,0.62,98.71,0.38,198.6,0.17,2306.6
puerto ayora,EC,1.7,5.99,0.62,98.71,0.38,198.6,0.17,989.0
puerto baquerizo moreno,EC,1.7,5.99,0.62,98.71,0.38,198.6,0.17,989.0
puerto carreno,CO,1.7,5.99,0.62,98.71,0.38,198.6,0.17,3797.3
puerto colombia,CO,1.7,5.99,0.62,98.71,0.38,198.6,0.17,3797.3
puerto natales,CL,1.7,5.99,0.62,98.71,0.38,198.6,0.17,1178.1
puerto vilelas,AR,1.7,5.99,0.62,98.71,0.38,198.6,0.17,4271.1
punta arenas,CL,1.7,5.99,0.62,98.71,0.38,198.6,0.17,1178.1
punta del este,UY,1.7,5.99,0.62,98.71,0.38,198.6,0.17,269.4
qamdo,CN,1.7,5.99,0.62,98.71,0.38,198.6,0.17,415308.3
qarah zia' od din,IR,1.7,5.99,0.62,98.71,0.38,198.6,0.17,7369.2
qingdao,CN,1.7,5.99,0.62,98.71,0.38,198.6,0.17,415308.3
queenstown,ZA,1.7,5.99,0.62,98.71,0.38,198.6,0.17,8000.6
quimili,AR,1.7,5.99,0.62,98.71,0.38,198.6,0.17,4271.1
rabo de peixe,PT,1.7,5.99,0.62,98.71,0.38,198.6,0.17,909.5
raduzhnyy,RU,1.7,5.99,0.62,98.71,0.38,198.6,0.17,42940.8
revda,RU,1.7,5.99,0.62,98.71,0.38,198.6,0.17,42940.8
ribeira grande,PT,1.7,5.99,0.62,98.71,0.38,198.6,0.17,909.5
richfield,US,1.7,5.99,0.62,98.71,0.38,198.6,0.17,22347.7
rio grande,BR,1.7,5.99,0.62,98.71,0.38,198.6,0.17,15847.8
rosamond,US,1.7,5.99,0.62,98.71,0.38,198.6,0.17,22347.7
rouissat,DZ,1.7,5.99,0.62,98.71,0.38,198.6,0.17,3441.1
rurrenabaque,BO,1.7,5.99,0.62,98.71,0.38,198.6,0.17,1755.7
rutana,BI,1.7,5.99,0.62,98.71,0.38,198.6,0.17,2197.2
rzhev,RU,1.7,5.99,0.62,98.71,0.38,198.6,0.17,42940.8
safford,US,1.7,5.99,0.62,98.71,0.38,198.6,0.17,22347.7
safotu,WS,1.7,5.99,0.62,98.71,0.38,198.6,0.17,41.8
sagua la grande,CU,1.7,5.99,0.62,98.71,0.38,198.6,0.17,1913.3
saint-francois,FR,1.7,5.99,0.62,98.71,0.38,198.6,0.17,4599.4
salvador,SV,1.7,5.99,0.62,98.71,0.38,198.6,0.17,668.0
san fernando del valle de catamarca,AR,1.7,5.99,0.62,98.71,0.38,198.6,0.17,4271.1
san patricio,US,1.7,5.99,0.62,98.71,0.38,198.6,0.17,22347.7
santa cruz,BO,1.7,5.99,0.62,98.71,0.38,198.6,0.17,1755.7
santarem,BR,1.7,5.99,0.62,98.71,0.38,198.6,0.17,15847.8
santiago papasquiaro,MX,1.7,5.99,0.62,98.71,0.38,198.6,0.17,11080.3
santo antonio,BR,1.7,5.99,0.62,98.71,0.38,198.6,0.17,15847.8
sao joao da barra,BR,1.7,5.99,0.62,98.71,0.38,198.6,0.17,15847.8
sao tome,ST,1.7,5.99,0.62,98.71,0.38,198.6,0.17,44.4
selfoss,IS,1.7,5.99,0.62,98.71,0.38,198.6,0.17,15.0
sept-iles,CA,1.7,5.99,0.62,98.71,0.38,198.6,0.17,1706.4
severo-yeniseyskiy,RU,1.7,5.99,0.62,98.71,0.38,198.6,0.17,42940.8
shibirghan,AF,1.7,5.99,0.62,98.71,0.38,198.6,0.17,8805.0
sidi qacem,MA,1.7,5.99,0.62,98.71,0.38,198.6,0.17,4256.7
sidney,AU,1.7,5.99,0.62,98.71,0.38,198.6,0.17,1039.6
sinabang,ID,1.7,5.99,0.62,98.71,0.38,198.6,0.17,49801.5
sinop,TR,1.7,5.99,0.62,98.71,0.38,198.6,0.17,8024.2
siracusa,IT,1.7,5.99,0.62,98.71,0.38,198.6,0.17,7853.0
sitka,US,1.7,5.99,0.62,98.71,0.38,198.6,0.17,22347.7
siwa oasis,EG,1.7,5.99,0.62,98.71,0.38,198.6,0.17,14541.2
skeldon,GY,1.7,5.99,0.62,98.71,0.38,198.6,0.17,140.1
songea,TZ,1.7,5.99,0.62,98.71,0.38,198.6,0.17,7030.3
st. john's,CA,1.7,5.99,0.62,98.71,0.38,198.6,0.17,1706.4
stanley,GB,1.7,5.99,0.62,98.71,0.38,198.6,0.17,5922.3
staryy dobrotvir,UA,1.7,5.99,0.62,98.71,0.38,198.6,0.17,17782.2
susanville,US,1.7,5.99,0.62,98.71,0.38,198.6,0.17,22347.7
susuman,RU,1.7,5.99,0.62,98.71,0.38,198.6,0.17,42940.8
sutherlin,US,1.7,5.99,0.62,98.71,0.38,198.6,0.17,22347.7
suva,FJ,1.7,5.99,0.62,98.71,0.38,198.6,0.17,176.4
svetlyy,RU,1.7,5.99,0.62,98.71,0.38,198.6,0.17,42940.8
swift current,CA,1.7,5.99,0.62,98.71,0.38,198.6,0.17,1706.4
sydney mines,CA,1.7,5.99,0.62,98.71,0.38,198.6,0.17,1706.4
talnakh,RU,1.7,5.99,0.62,98.71,0.38,198.6,0.17,42940.8
taltal,CL,1.7,5.99,0.62,98.71,0.38,198.6,0.17,1178.1
tambacounda,SN,1.7,5.99,0.62,98.71,0.38,198.6,0.17,2370.0
tannum sands,AU,1.7,5.99,0.62,98.71,0.38,198.6,0.17,1039.6
taveta,KE,1.7,5.99,0.62,98.71,0.38,198.6,0.17,5520.8
teknaf,BD,1.7,5.99,0.62,98.71,0.38,198.6,0.17,34024.7
tempio pausania,IT,1.7,5.99,0.62,98.71,0.38,198.6,0.17,7853.0
tezu,IN,1.7,5.99,0.62,98.71,0.38,198.6,0.17,343589.3
thabazimbi,ZA,1.7,5.99,0.62,98.71,0.38,198.6,0.17,8000.6
thai nguyen,VN,1.7,5.99,0.62,98.71,0.38,198.6,0.17,18610.1
thames,NZ,1.7,5.99,0.62,98.71,0.38,198.6,0.17,251.6
thinadhoo,MV,1.7,5.99,0.62,98.71,0.38,198.6,0.17,19.9
thompson,CA,1.7,5.99,0.62,98.71,0.38,198.6,0.17,1706.4
thouars,FR,1.7,5.99,0.62,98.71,0.38,198.6,0.17,4599.4
thunder bay,CA,1.7,5.99,0.62,98.71,0.38,198.6,0.17,1706.4
tiksi,RU,1.7,5.99,0.62,98.71,0.38,198.6,0.17,42940.8
toliara,MG,1.7,5.99,0.62,98.71,0.38,198.6,0.17,5691.6
tonghae,KR,1.7,5.99,0.62,98.71,0.38,198.6,0.17,4035.9
tougan,BF,1.7,5.99,0.62,98.71,0.38,198.6,0.17,4026.3
touros,BR,1.7,5.99,0.62,98.71,0.38,198.6,0.17,15847.8
tual,ID,1.7,5.99,0.62,98.71,0.38,198.6,0.17,49801.5
tura,IN,1.7,5.99,0.62,98.71,0.38,198.6,0.17,343589.3
tynda,RU,1.7,5.99,0.62,98.71,0.38,198.6,0.17,42940.8
udachny,RU,1.7,5.99,0.62,98.71,0.38,198.6,0.17,42940.8
ulysses,US,1.7,5.99,0.62,98.71,0.38,198.6,0.17,22347.7
ushuaia,AR,1.7,5.99,0.62,98.71,0.38,198.6,0.17,4271.1
ust'-kut,RU,1.7,5.99,0.62,98.71,0.38,198.6,0.17,42940.8
ust-nera,RU,1.7,5.99,0.62,98.71,0.38,198.6,0.17,42940.8
ust-tsilma,RU,1.7,5.99,0.62,98.71,0.38,198.6,0.17,42940.8
utete,TZ,1.7,5.99,0.62,98.71,0.38,198.6,0.17,7030.3
vadso,NO,1.7,5.99,0.62,98.71,0.38,198.6,0.17,275.6
venustiano carranza,MX,1.7,5.99,0.62,98.71,0.38,198.6,0.17,11080.3
veraval,IN,1.7,5.99,0.62,98.71,0.38,198.6,0.17,343589.3
vernon,CA,1.7,5.99,0.62,98.71,0.38,198.6,0.17,1706.4
viitasaari,FI,1.7,5.99,0.62,98.71,0.38,198.6,0.17,326.8
vila franca do campo,PT,1.7,5.99,0.62,98.71,0.38,198.6,0.17,909.5
villa gesell,AR,1.7,5.99,0.62,98.71,0.38,198.6,0.17,4271.1
villamontes,BO,1.7,5.99,0.62,98.71,0.38,198.6,0.17,1755.7
vilyuchinsk,RU,1.7,5.99,0.62,98.71,0.38,198.6,0.17,42940.8
vilyuysk,RU,1.7,5.99,0.62,98.71,0.38,198.6,0.17,42940.8
visakhapatnam,IN,1.7,5.99,0.62,98.71,0.38,198.6,0.17,343589.3
vodnyy,RU,1.7,5.99,0.62,98.71,0.38,198.6,0.17,42940.8
vorgashor,RU,1.7,5.99,0.62,98.71,0.38,198.6,0.17,42940.8
vorkuta,RU,1.7,5.99,0.62,98.71,0.38,198.6,0.17,42940.8
vrangel',RU,1.7,5.99,0.62,98.71,0.38,198.6,0.17,42940.8
vuktyl,RU,1.7,5.99,0.62,98.71,0.38,198.6,0.17,42940.8
wabag,PG,1.7,5.99,0.62,98.71,0.38,198.6,0.17,1731.9
wailua homesteads,US,1.7,5.99,0.62,98.71,0.38,198.6,0.17,22347.7
waitangi,NZ,1.7,5.99,0.62,98.71,0.38,198.6,0.17,251.6
weno,FM,1.7,5.99,0.62,98.71,0.38,198.6,0.17,34.7
westport,US,1.7,5.99,0.62,98.71,0.38,198.6,0.17,22347.7
whitehorse,CA,1.7,5.99,0.62,98.71,0.38,198.6,0.17,1706.4
woolgoolga,AU,1.7,5.99,0.62,98.71,0.38,198.6,0.17,1039.6
xining,CN,1.7,5.99,0.62,98.71,0.38,198.6,0.17,415308.3
xinyuan,CN,1.7,5.99,0.62,98.71,0.38,198.6,0.17,415308.3
yantzaza,EC,1.7,5.99,0.62,98.71,0.38,198.6,0.17,989.0
yatou,CN,1.7,5.99,0.62,98.71,0.38,198.6,0.17,415308.3
yellowknife,CA,1.7,5.99,0.62,98.71,0.38,198.6,0.17,1706.4
yeniseysk,RU,1.7,5.99,0.62,98.71,0.38,198.6,0.17,42940.8
yuzhno-kurilsk,RU,1.7,5.99,0.62,98.71,0.38,198.6,0.17,42940.8
zakynthos,GR,1.7,5.99,0.62,98.71,0.38,198.6,0.17,2028.9
zeya,RU,1.7,5.99,0.62,98.71,0.38,198.6,0.17,42940.8
zykovo,RU,1.7,5.99,0.62,98.71,0.38,198.6,0.17,42940.8
